{
    "es":
        {
            "Add an enviroment variable $betBOT with your token.": "Añade una variable de entorno $betBOT con tu token.",
            "Gives you information about the available commands": "Proporciona información sobre los comandos disponibles",
            "Add a Match to bet on": "Añade un partido para apostar",
            "Remove a previously added match": "Elimina un partido añadido previamente",
            "Show active matches": "Muestra los partidos activos",
            "Add a bet in a match": "Apostar en un partido",
            "Sets the score of an ended match.": "Declarar puntuación de un partido terminado.",
            "Shows the top 10 players with wins and totale": "Muestra los 10 mejores jugadores con victorias y totales",
            "Shows the top10 players ordered by win percentage": "Muestra los jugadores del Top 10 ordenados por porcentaje de victorias.",
            "No matches available.": "No hay partidos disponibles.",
            "Choose a match:": "Escoge un partido:",
            "Match selected correctly.": "Partido seleccionado correctamente.",
            "Choose a winner:": "Escoge un ganador:",
            "You have already bet on this match.": "Ya has apostado en este partido.",
            "Bet correctly done.": "Apuesta realizada correctamente.",
            "The following commands are available:": "Los siguientes comandos están disponibles.",
            "You can not use this command.": "No puedes usar este comando",
            "This command can not be used on group chats.": "Este comando no se puede usar en chats de grupo",
            "Team A name:": "Nombre del Equipo A:",
            "Team B name:": "Nombre del Equipo B:",
            "Match date:": "Fecha del partido:",
            "Date set correctly.": "Fecha establecida correctamente.",
            "Match hour:": "Hora del partido:",
            "Added correctly.": "Añadido correctamente.",
            "Score:": "Puntuación:",
            "Winner correctly selected.": "Ganador seleccionado correctamente.",
            "Match correctly deleted.": "Partido borrado correctamente.",
            "No user with any resolved bet.": "No hay usuarios con apuestas cerradas.",
            "TOP 10 WINS": "TOP 10 GANADAS",
            "You do not have any resolved bet yet.": "No tienes ninguna apuesta cerrada aún.",
            "Show my active bets": "Muestra mis apuestas activas",
            "Show match result history": "Muestra el historial de partidos",
            "Talk me in private to get the command list.": "Hablame en privado para conseguir la lista de comandos",
            "No bets available.": "No hay apuestas disponibles",
            "No matches available (Or you already bet on all).": "No hay partidos disponibles (O ya has apostado en todos.)",
            "Action cancelled.": "Acción cancelada.",
            "Cancel": "Cancelar",
            "New match added - %(1)s %(vs)s %(2)s": "Nuevo partido añadido - %(1)s %(vs)s %(2)s",
            "You will no longer be notified.": "Ya no serás notificado.",
            "You will be notified when a match is added.": "Se te notificará cada vez que se añada un partido.",
            "Notify when a match is added.": "Notifica cuando un partido es añadido",
            "The format of the date/hour is incorrect.": "El formato de la fecha/hora es incorrecto.",
            "An error ocurred adding the match.": "Ha ocurrido un error al añadir el partido."
        }
}
